Species,Season,Algae,Epiphytes,Mangrove,Seagrass
Bay anchovy,dry,0.04566666666666667,0.327,0.26533333333333337,0.36166666666666664
Pinfish,dry,0.023,0.5814,0.2639,0.1317
Pink shrimp,dry,0.147,0.11900000000000001,0.23055555555555557,0.5036666666666667
